{"count":1,"self":12710.1034496,"total":20279.1934725,"children":{"InitializeActuators":{"count":1,"self":0.001999,"total":0.001999,"children":null},"InitializeSensors":{"count":1,"self":0.0040035,"total":0.0040035,"children":null},"AgentSendState":{"count":2225285,"self":2398.4039936,"total":2430.6718493999997,"children":{"CollectObservations":{"count":445057,"self":4.7336592,"total":4.7336591,"children":null},"WriteActionMask":{"count":445057,"self":1.3048024999999999,"total":1.3048024999999999,"children":null},"RequestDecision":{"count":445057,"self":5.1700896,"total":26.229432499999998,"children":{"AgentInfo.ToProto":{"count":445057,"self":5.842508,"total":21.059343,"children":{"GenerateSensorData":{"count":445057,"self":13.3525944,"total":15.216834799999999,"children":{"RayPerceptionSensor.Perceive":{"count":445057,"self":1.8642408,"total":1.8642406999999999,"children":null}}}}}}}}},"DecideAction":{"count":2225285,"self":5111.6986368,"total":5111.6988280999994,"children":null},"AgentAct":{"count":2225285,"self":26.6599424,"total":26.7119277,"children":{"AgentInfo.ToProto":{"count":1112,"self":0.015180599999999999,"total":0.051985899999999995,"children":{"GenerateSensorData":{"count":1112,"self":0.028227799999999997,"total":0.0368053,"children":{"RayPerceptionSensor.Perceive":{"count":1112,"self":0.0085775,"total":0.0085775,"children":null}}}}}}}},"gauges":{"SimpleBehavior.CumulativeReward":{"count":1112,"max":1.03810823,"min":-2.361971,"runningAverage":-0.5638668,"value":-0.580001652,"weightedAverage":-0.227965608}},"metadata":{"timer_format_version":"0.1.0","start_time_seconds":"1776781019","unity_version":"6000.0.62f1","command_line_arguments":"C:\\Program Files\\Unity\\Hub\\Editor\\6000.0.62f1\\Editor\\Unity.exe -projectpath C:\\Users\\pulpo\\OneDrive\\Escritorio\\GitHub\\tr3-joc-pauucles\\DAMT3Atrapa la bandera -useHub -hubIPC -cloudEnvironment production","communication_protocol_version":"1.5.0","com.unity.ml-agents_version":"4.0.3","scene_name":"MenuPrincipal","end_time_seconds":"1776801299"}}