{"count":1,"self":204.1832576,"total":209.95156949999998,"children":{"InitializeActuators":{"count":2,"self":0.0071886999999999993,"total":0.0071886999999999993,"children":null},"InitializeSensors":{"count":2,"self":0.0072511999999999993,"total":0.0072511999999999993,"children":null},"AgentSendState":{"count":654,"self":5.446446,"total":5.4933416999999993,"children":{"CollectObservations":{"count":262,"self":0.014481299999999999,"total":0.014481299999999999,"children":null},"WriteActionMask":{"count":262,"self":0.0019990999999999997,"total":0.0019990999999999997,"children":null},"RequestDecision":{"count":262,"self":0.0304153,"total":0.0304153,"children":null}}},"DecideAction":{"count":654,"self":0.2240374,"total":0.2376719,"children":{"RayPerceptionSensor.Perceive":{"count":262,"self":0.013634499999999999,"total":0.013634499999999999,"children":null}}},"AgentAct":{"count":654,"self":0.0223169,"total":0.0223169,"children":null}},"gauges":{},"metadata":{"timer_format_version":"0.1.0","start_time_seconds":"1777330570","unity_version":"6000.0.62f1","command_line_arguments":"C:\\Program Files\\Unity\\Hub\\Editor\\6000.0.62f1\\Editor\\Unity.exe -projectpath C:\\Users\\pulpo\\OneDrive\\Escritorio\\GitHub\\tr3-joc-pauucles\\DAMT3Atrapa la bandera -useHub -hubIPC -cloudEnvironment production","communication_protocol_version":"1.5.0","com.unity.ml-agents_version":"4.0.3","scene_name":"MenuPrincipal","end_time_seconds":"1777330780"}}